slug,product,description_chars,ingredients,directions,warnings
toke-natural-soap-refill,2KG Toke Natural Soap,188,MISSING,MISSING,MISSING
4kg-natural-orange-soap,4kg Natural Orange Soap,916,MISSING,MISSING,MISSING
8-oz-white-plastic-bottle,8 OZ White Plastic Bottle,631,MISSING,MISSING,MISSING
internatonal-african-natural-shower-gel,African Natural Shower Gel (premium),761,MISSING,MISSING,MISSING
anti-dandruff-shampoo-with-peppermint-oil,Anti dandruff shampoo with peppermint oil,793,MISSING,MISSING,MISSING
anti-acne-facial-wash,Anti-Acne Facial Wash,657,MISSING,MISSING,MISSING
baby-skin-hair-care-set,Baby Skin/Hair Care Set,1658,MISSING,MISSING,MISSING
caramel-skin-set,Caramel Skin Set,1831,MISSING,MISSING,MISSING
career-woman-caramel-skin,Career Woman (Caramel Skin),925,MISSING,MISSING,MISSING
career-woman-fair-skin,Career Woman (Fair Skin),904,MISSING,MISSING,MISSING
even-skin-glow-lotion,Even Skin Glow Lotion,626,MISSING,MISSING,MISSING
fair-skin-set,Fair Skin Set,856,MISSING,MISSING,MISSING
family-skincare-set,Family Skincare Set,906,MISSING,MISSING,MISSING
valentines-day-gift-for-him,Glow Gift Box (Customizable),2026,MISSING,MISSING,MISSING
hydrate-and-glow-lotion,Hydrate and Glow Lotion,662,MISSING,MISSING,MISSING
hyperpigmentation-set,Hyperpigmentation Set,1148,MISSING,MISSING,MISSING
kids-skin-and-haircare-set,Kids Skin and Haircare Set,1178,MISSING,MISSING,MISSING
mens-essential-skincare-set,Men's Essential Skincare Set,900,MISSING,MISSING,MISSING
adult-haircare-set,Nature's Root Hair Growth System,1106,MISSING,MISSING,MISSING
natures-root-shampoo-with-rosemary-oil,Nature’s Root Shampoo with Rosemary Oil,740,MISSING,MISSING,MISSING
new-mom-package-caramel-skin,New Mom Package (Caramel Skin),524,MISSING,MISSING,MISSING
new-mom-package-fair-skin-set,New Mom Package (Fair Skin Set),5684,MISSING,MISSING,MISSING
nourishing-grow-rinse-out-conditioner,Nourishing & Grow Rinse Off Conditioner,644,MISSING,MISSING,MISSING
nourishing-growth-leave-in-conditioner,Nourishing & Growth Leave-in Conditioner,687,MISSING,MISSING,MISSING
orange-shower-gel,Orange Shower Gel,681,MISSING,MISSING,MISSING
princesss-combo,Princess's Combo,771,MISSING,MISSING,MISSING
teens-set-acne-care,Teen's Set (Acne Care),1815,MISSING,MISSING,MISSING
teens-set-moisturizer,Teens Set (Moisturizer),1071,MISSING,MISSING,MISSING
teens-setfair-skin,Teens Set(Fair Skin),1253,MISSING,MISSING,MISSING
toke-anti-acne-face-cream,Toke Anti-Acne Face Cream,1630,MISSING,MISSING,MISSING
toke-anti-acne-facial-set,Toke Anti-Acne Facial Set,1028,MISSING,MISSING,MISSING
toke-baby-natural-skincare-set,Toke Baby Natural Skincare Set.,2179,MISSING,MISSING,MISSING
toke-baby-natural-shower-gel-w-glycerine,Toke Baby Natural shower gel w/Glycerine,750,MISSING,MISSING,MISSING
toke-brightening-soothing-face-serum,Toke Brightening & Soothing Face Serum,643,MISSING,MISSING,MISSING
toke-brightening-oil,Toke Brightening Oil,743,MISSING,MISSING,MISSING
toke-coconut-oil,Toke Coconut oil,656,MISSING,MISSING,MISSING
toke-daily-hydrating-brightening-facial-wash-2,Toke Daily Hydrating & Brightening Facial Wash,917,MISSING,MISSING,MISSING
toke-daily-hydrating-brightening-facial-wash,Toke Daily Hydrating & Brightening Facial Wash,917,MISSING,MISSING,MISSING
toke-even-skin-glow-lotion-with-lactic-acid-and-shea-oil,Toke Even Skin Glow Lotion with Lactic Acid and shea oil,734,MISSING,MISSING,MISSING
toke-face-body-exfoliating-scrub,Toke Face & Body Exfoliating Scrub,684,MISSING,MISSING,MISSING
toke-facial-set,Toke Facial Set,897,MISSING,MISSING,MISSING
toke-fair-and-even-lotion-with-vitamin-b3-and-bearberry-extract,Toke Fair and Even Lotion with vitamin B3 and bearberry extract,682,MISSING,MISSING,MISSING
toke-hair-food,Toke Hair Food,766,MISSING,MISSING,MISSING
toke-hair-grow-oil,Toke Hair Grow Oil,764,MISSING,MISSING,MISSING
toke-hair-grow-scalp-serum,Toke Hair Grow Scalp Serum,1153,MISSING,MISSING,MISSING
toke-hair-grower-cream,Toke Hair Grower Cream,623,MISSING,MISSING,MISSING
toke-hydrating-soothing-face-toner,Toke Hydrating &amp; Soothing Face Toner,2267,MISSING,MISSING,MISSING
toke-kids-lotion,Toke Kid's Lotion,743,MISSING,MISSING,MISSING
toke-kids-hair-care-set,Toke Kids Hair Care Set,1167,MISSING,MISSING,MISSING
toke-kids-hair-conditioner-rinse-out,Toke Kids Hair Conditioner (rinse-out),793,MISSING,MISSING,MISSING
toke-kids-hair-grow-cream,Toke Kids Hair Grow Cream,935,MISSING,MISSING,MISSING
toke-kids-leave-in-hair-conditioner,Toke Kids Leave-in Hair Conditioner,795,MISSING,MISSING,MISSING
toke-kids-shampoo,Toke Kids Shampoo,987,MISSING,MISSING,MISSING
toke-naturals-scalp-rescue-growth-set,Toke Natural Scalp Rescue & Growth Set (Anti-Dandruff),1169,MISSING,MISSING,MISSING
toke-natural-soap-4ltrs-orangewith-aha,Toke Natural Soap 4Ltrs (Orange)with AHA,917,MISSING,MISSING,MISSING
toke-natural-soap-orange-solid-cup-soap-with-aha,Toke Natural soap (Orange  solid Cup soap) with AHA,1146,MISSING,MISSING,MISSING
toke-natural-soap-sesame-formula-solid,Toke Natural soap (sesame formula) solid,740,MISSING,MISSING,MISSING
toke-nourishing-conditioner,Toke Nourishing conditioner,684,MISSING,MISSING,MISSING
toke-papaya-shea-butter,Toke Papaya Shea Butter,921,MISSING,MISSING,MISSING
toke-scented-shea-butter,Toke Scented Shea Butter,830,MISSING,MISSING,MISSING
toke-shea-balm,Toke Shea Balm,652,MISSING,MISSING,MISSING
toke-shea-glow,Toke Shea Glow,1206,MISSING,MISSING,MISSING
toke-soothing-face-repair-cream,Toke Soothing Face Repair Cream,780,MISSING,MISSING,MISSING
toke-baby-calming-oil,Toke baby calming oil,865,MISSING,MISSING,MISSING
toke-baby-soap-with-shea-butter,Toke baby soap with shea butter,851,MISSING,MISSING,MISSING
toke-carrot-shea-butter,Toke carrot shea butter,250,MISSING,MISSING,MISSING
toke-coco-shea-butter,Toke coco shea butter,667,MISSING,MISSING,MISSING
toke-hand-and-body-cream-tube,Toke hand and body cream (Tube),0,MISSING,MISSING,MISSING
toke-natural-shower-gelsesame-formula,Toke natural shower gel(Sesame formula),761,MISSING,MISSING,MISSING
