wp_term_id,reason,products,original_tag_text
157,"hashtag blob — re-tag by hand in WooCommerce, then re-import",,#100% cotton
254,"hashtag blob — re-tag by hand in WooCommerce, then re-import",8 OZ White Plastic Bottle,#8OZBottle #WhitePlasticBottle #PlasticBottlePackaging #SkincarePackaging #CosmeticBottle
104,"hashtag blob — re-tag by hand in WooCommerce, then re-import",Caramel Skin Set; Toke Brightening Oil,#Acne
247,"hashtag blob — re-tag by hand in WooCommerce, then re-import",Toke Anti-Acne Facial Set,#AcneCareRoutine #AcneFreeSkin #PimpleFreeSkin #BreakoutControl #AcneSolution #ClearSkinRoutine #FightAcne
91,"hashtag blob — re-tag by hand in WooCommerce, then re-import",Toke coco shea butter,#Babysheabuter
105,"hashtag blob — re-tag by hand in WooCommerce, then re-import",Caramel Skin Set,#Blemishes.
92,"hashtag blob — re-tag by hand in WooCommerce, then re-import",Toke coco shea butter,#Bodybutter
83,"hashtag blob — re-tag by hand in WooCommerce, then re-import",Toke Even Skin Glow Lotion with Lactic Acid and shea oil,#Brighterskin
84,"hashtag blob — re-tag by hand in WooCommerce, then re-import",Toke Even Skin Glow Lotion with Lactic Acid and shea oil,#Brownskin
106,"hashtag blob — re-tag by hand in WooCommerce, then re-import",Caramel Skin Set,#Caramelskin
85,"hashtag blob — re-tag by hand in WooCommerce, then re-import",Toke Even Skin Glow Lotion with Lactic Acid and shea oil,#Chocolate
93,"hashtag blob — re-tag by hand in WooCommerce, then re-import",Toke coco shea butter,#Coconutoil
94,"hashtag blob — re-tag by hand in WooCommerce, then re-import",Toke coco shea butter,#Coconutsheabutter
112,"hashtag blob — re-tag by hand in WooCommerce, then re-import",Toke Natural Soap 4Ltrs (Orange)with AHA; Toke Scented Shea Butter,#DIY#family#savecost#soap
243,"hashtag blob — re-tag by hand in WooCommerce, then re-import",2KG Toke Natural Soap,#DIY#family#savecost#soap #TokeNaturalOrangeSoap #TokeCosmetics #OrangeSoap #NaturalOrangeSoap #4kgOrangeSoap #OrganicOrangeSoap #VitaminCSoap #BrighteningSoap #GlowingSkinSoap
86,"hashtag blob — re-tag by hand in WooCommerce, then re-import",Toke Even Skin Glow Lotion with Lactic Acid and shea oil,#Darkskin
244,"hashtag blob — re-tag by hand in WooCommerce, then re-import",Even Skin Glow Lotion,#EvenSkinGlow #EvenSkinTone #GlowingEvenSkin #RadiantSkinGlow #SmoothEvenSkin #BrightEvenSkin #SkinGlowRoutine #HealthySkinGlow
87,"hashtag blob — re-tag by hand in WooCommerce, then re-import",Caramel Skin Set; Toke Even Skin Glow Lotion with Lactic Acid and shea oil,#Evenskin
88,"hashtag blob — re-tag by hand in WooCommerce, then re-import",Caramel Skin Set; Toke Even Skin Glow Lotion with Lactic Acid and shea oil,#Glowyskin
117,"hashtag blob — re-tag by hand in WooCommerce, then re-import",Toke Hair Grower Cream,#Hair
258,"hashtag blob — re-tag by hand in WooCommerce, then re-import",Toke Kids Hair Conditioner (rinse-out),#HealthyHairGrowth #HairGrowthJourney #StrongerHair #NourishedHair #SoftHealthyHair
241,"hashtag blob — re-tag by hand in WooCommerce, then re-import",Toke Daily Hydrating & Brightening Facial Wash,#HydratingFaceWash #MoistureBoost #GlowUpSkin #SkinHydration #FaceCareEssentials #GentleOnSkin #BrightSkinGoals #GlowCleanser #TokeSkincare #TokeGlow
89,"hashtag blob — re-tag by hand in WooCommerce, then re-import",Caramel Skin Set; Toke Even Skin Glow Lotion with Lactic Acid and shea oil,#Hyperpigmentation
95,"hashtag blob — re-tag by hand in WooCommerce, then re-import",Toke coco shea butter,#Moisturizer
96,"hashtag blob — re-tag by hand in WooCommerce, then re-import",Toke coco shea butter,#Nappyrash#Eczema
97,"hashtag blob — re-tag by hand in WooCommerce, then re-import",Toke coco shea butter,#Naturalskincare
252,"hashtag blob — re-tag by hand in WooCommerce, then re-import",Nature’s Root Shampoo with Rosemary Oil,#NaturesRootShampoo #RosemaryOilShampoo #TokeCosmetics #HairGrowthShampoo #NaturalHairCare #HealthyHairGrowth #StrongerHair #ScalpCare #HairStrengthening #HairGrowthRoutine
139,"hashtag blob — re-tag by hand in WooCommerce, then re-import",,#Serum #exfoliate #facetoner #facialset #facialtreatment #facial #skincareroutines #facecream #smoothface #facialproduct #lighteningfacecream
98,"hashtag blob — re-tag by hand in WooCommerce, then re-import",Toke Hair Grower Cream; Toke Scented Shea Butter; Toke coco shea butter,#Sheabutter
99,"hashtag blob — re-tag by hand in WooCommerce, then re-import",Toke coco shea butter,#Skincare
245,"hashtag blob — re-tag by hand in WooCommerce, then re-import",Hydrate and Glow Lotion,#Toke#DeepHydration #HydratedSkin #MoisturizedSkin #SkinHydration #HydratingBodyCare #SoftSmoothSkin HydrateAndGlowLotion #TokeCosmetics
253,"hashtag blob — re-tag by hand in WooCommerce, then re-import",,#TokeAdultHaircareSet #TokeHairCare #TokeCosmetics #AdultHaircare #HaircareSet #HairGrowthRoutine #HealthyHairGrowth #StrongerHair #LongHealthyHair #HairGrowthJourney #HealthyHairCare #SoftHealthyHair
249,"hashtag blob — re-tag by hand in WooCommerce, then re-import",Toke Anti-Acne Face Cream,#TokeAntiAcneFaceCream #TokeCosmetics #TokeSkincare #AntiAcneCream #AcneTreatmentCream #AcneSet #ClearSkinRoutine #SmoothFaceSkin #HealthyFacialSkin #ClearHealthySkin #EvenSkinTexture
246,"hashtag blob — re-tag by hand in WooCommerce, then re-import",,#TokeCosmeticsAntiacne #Tokecosmetics #AcneCareRoutine #AcneFreeSkin #PimpleFreeSkin #BreakoutControl #AcneSolution #ClearSkinRoutine #FightAcne
248,"hashtag blob — re-tag by hand in WooCommerce, then re-import",Anti-Acne Facial Wash,#TokeCosmeticsAntiacne #Tokecosmetics #AcneCareRoutine #AcneFreeSkin #PimpleFreeSkin #BreakoutControl #AcneSolution #ClearSkinRoutine #FightAcne #AntiacneFaceWash
251,"hashtag blob — re-tag by hand in WooCommerce, then re-import",Toke Face & Body Exfoliating Scrub,#TokeExfoliatingScrub #TokeCosmetics #TokeSkincare #FaceAndBodyScrub #ExfoliatingScrub #SmoothSkinRoutine #GlowingSkin #SkinExfoliation #ClearHealthySkin #DeadSkinRemoval #SkinRenewal #SoftSmoothSkin
255,"hashtag blob — re-tag by hand in WooCommerce, then re-import",Toke Hair Grow Scalp Serum,#TokeHairGrowSerum #TokeCosmetics #TokeHairCare #HairGrowSerum #ScalpSerum #HealthyHairGrowth #StrongerHair #HairGrowthJourney #NourishedScalp #ThickerHair
250,"hashtag blob — re-tag by hand in WooCommerce, then re-import",Toke Kids Hair Grow Cream,#TokeKidsHairGrowCream #TokeCosmetics #TokeHairCare #KidsHairGrowCream #KidsHairCare #HairGrowthForKids #HealthyHairGrowth #StrongerHair #HairGrowthRoutine #LongHealthyHair
259,"hashtag blob — re-tag by hand in WooCommerce, then re-import",Toke Kids Leave-in Hair Conditioner,#TokeKidsLeaveInConditioner #TokeHairCare #TokeCosmetics #KidsLeaveInConditioner #KidsHairCare #HealthyKidsHair #KidsHairGrowth #NourishedHair #SoftHealthyHair #StrongerHair #MoisturizedHair
257,"hashtag blob — re-tag by hand in WooCommerce, then re-import",Nourishing & Growth Leave-in Conditioner,#TokeLeaveInConditioner #TokeHairCare #TokeCosmetics #NourishingHairCare #GrowthHairCare
242,"hashtag blob — re-tag by hand in WooCommerce, then re-import",4kg Natural Orange Soap,#TokeNaturalOrangeSoap #TokeCosmetics #OrangeSoap #NaturalOrangeSoap #4kgOrangeSoap #OrganicOrangeSoap #VitaminCSoap #BrighteningSoap #GlowingSkinSoap
256,"hashtag blob — re-tag by hand in WooCommerce, then re-import",Nourishing & Grow Rinse Off Conditioner,#TokeNourishingGrowConditioner #TokeHairCare #TokeCosmetics #RinseOffConditioner #HairCareRoutine
140,"hashtag blob — re-tag by hand in WooCommerce, then re-import",,#antiaging
60,"hashtag blob — re-tag by hand in WooCommerce, then re-import",Toke baby soap with shea butter,#babysoap #babyskincare #baby #blacksoap #newmom #babycare #sheabutter #kids #gentleskin #softskin #newborn #motherhood
150,"hashtag blob — re-tag by hand in WooCommerce, then re-import",,#betacarotene
210,"hashtag blob — re-tag by hand in WooCommerce, then re-import",Toke Natural soap (Orange  solid Cup soap) with AHA; Toke Scented Shea Butter; Toke baby soap with shea butter,#blacksoap
110,"hashtag blob — re-tag by hand in WooCommerce, then re-import",Toke Brightening Oil,#bodyoil #faceoil
146,"hashtag blob — re-tag by hand in WooCommerce, then re-import",,#brighterskin #fadesdeadskincell #blacksoap #sesame #moisturize #caramel #blackskin
128,"hashtag blob — re-tag by hand in WooCommerce, then re-import",Toke Hair Grow Oil,#castor oil#full edges#Hair grow#hair oil
64,"hashtag blob — re-tag by hand in WooCommerce, then re-import",Toke Coconut oil,#coconutoil #body #vegan #natural #virgincoconutoil #coconut #skincare #edible #organic #hairoil #bodyoil #vco
115,"hashtag blob — re-tag by hand in WooCommerce, then re-import",Toke Hair Grower Cream,#damagedhair #haircream
116,"hashtag blob — re-tag by hand in WooCommerce, then re-import",Toke Hair Grower Cream,#dandruff
151,"hashtag blob — re-tag by hand in WooCommerce, then re-import",,#darkpatches
152,"hashtag blob — re-tag by hand in WooCommerce, then re-import",,#darkskinkids
137,"hashtag blob — re-tag by hand in WooCommerce, then re-import",,#discoloration
134,"hashtag blob — re-tag by hand in WooCommerce, then re-import",Toke Soothing Face Repair Cream,#facecream #smoothface #facailproduct #lighteningfacecream #
153,"hashtag blob — re-tag by hand in WooCommerce, then re-import",,#fairkids
107,"hashtag blob — re-tag by hand in WooCommerce, then re-import",Caramel Skin Set,#flawlessskin
129,"hashtag blob — re-tag by hand in WooCommerce, then re-import",,#haircare#hairgrowth#dandruff#hairtreatment
118,"hashtag blob — re-tag by hand in WooCommerce, then re-import",Toke Hair Grower Cream,#haircream#hairgrow#
119,"hashtag blob — re-tag by hand in WooCommerce, then re-import",Toke Hair Grower Cream,#hairgrowercream
141,"hashtag blob — re-tag by hand in WooCommerce, then re-import",,#hyperpigmentation #darkspot #rednessoftheskin #sensitiveskin #dryskin #acneproneskin #sun-damage
154,"hashtag blob — re-tag by hand in WooCommerce, then re-import",,#insectsbites
123,"hashtag blob — re-tag by hand in WooCommerce, then re-import",Toke Kid's Lotion,#kids#moisturizer#lotion#darkspot#bodymilk#antiinflammation
155,"hashtag blob — re-tag by hand in WooCommerce, then re-import",,#kidslotion
156,"hashtag blob — re-tag by hand in WooCommerce, then re-import",,#lotion
65,"hashtag blob — re-tag by hand in WooCommerce, then re-import",Toke Baby Natural shower gel w/Glycerine,#newborn #babysoap #babyshowergel #glycerine #blacksoap #babyskincare #bodywash #mother #baby #mildskin #gentleskin #softskin
158,"hashtag blob — re-tag by hand in WooCommerce, then re-import",,#newmom
114,"hashtag blob — re-tag by hand in WooCommerce, then re-import",Toke Shea Balm,#ointment #balm
61,"hashtag blob — re-tag by hand in WooCommerce, then re-import",Toke Baby Natural Skincare Set.; Toke Scented Shea Butter; Toke baby soap with shea butter; Toke carrot shea butter,#ori #bodybutter #skincare #carrotshea #carrotoil #natural #sheabutter #handmade #haircare #selfcare #eczema #nappyrash #rashes #alefo #ifo #carrotbutter #corrector #stretchmarks
136,"hashtag blob — re-tag by hand in WooCommerce, then re-import",,#scrub #exfolating #facescrub #bodyscrub
138,"hashtag blob — re-tag by hand in WooCommerce, then re-import",,#scrub #exfoliating #facescrub #bodyscrub #toner #cleanser #Faceserum
159,"hashtag blob — re-tag by hand in WooCommerce, then re-import",,#sensitiveskin
142,"hashtag blob — re-tag by hand in WooCommerce, then re-import",,#serum
143,"hashtag blob — re-tag by hand in WooCommerce, then re-import",,#skin
182,"hashtag blob — re-tag by hand in WooCommerce, then re-import",African Natural Shower Gel (premium); Toke Baby Natural shower gel w/Glycerine; Toke baby soap with shea butter; Toke natural shower gel(Sesame formula),#soap
209,"hashtag blob — re-tag by hand in WooCommerce, then re-import",Toke Baby Natural Skincare Set.; Toke Natural soap (Orange  solid Cup soap) with AHA; Toke Scented Shea Butter; Toke baby soap with shea butter,#soap #body #wash #bodywash #Black soap
240,"hashtag blob — re-tag by hand in WooCommerce, then re-import",African Natural Shower Gel (premium); Toke natural shower gel(Sesame formula),#soap #body #wash #bodywash #Black soap #naturalshowergel #Softsmoothcream #GlowingSkinNaturally #MadeInNigeria #cleanskinroutine
121,"hashtag blob — re-tag by hand in WooCommerce, then re-import",Toke Natural soap (sesame formula) solid,#soap#family#natural#acnecontrol#brighterskin
160,"hashtag blob — re-tag by hand in WooCommerce, then re-import",,#soft
161,"hashtag blob — re-tag by hand in WooCommerce, then re-import",,#superabsorbent
135,"hashtag blob — re-tag by hand in WooCommerce, then re-import",Toke Hydrating &amp; Soothing Face Toner,#toner #cleanser #exfolaite #facetoner #facialset #facialtreatment #facail #skincareroutines
162,"hashtag blob — re-tag by hand in WooCommerce, then re-import",,#towel
